停水原因,停水範圍,停水期間,恢復供水時間,查詢電話,發佈期間,發佈區域
辦理屏縣三地門鄉青葉村光復巷等汰換管線工程(RB-06-0715-01)【7J106_00048】,【停水區域一】屏東縣三地門鄉青葉村;屏東縣高樹鄉建興村;沿山公路二段,2017-04-19 08:00至2017-09-30 18:00(每日上午8點至下午6點),2017-09-30 18:00以後,08-7962041,2017/4/19~2017/10/1,901屏東縣三地門鄉   906屏東縣高樹鄉     
辦理「池上系統-陸安錦屏汰換管線工程」施工，管線連接造成停水【AB106_00013】,【停水區域一】台東縣池上鄉陸安;台東縣海端鄉錦屏,2017-08-01 08:00至2017-09-30 18:00(每日上午8點至下午6點),2017-09-30 18:00以後,工地主任：彭智輝0933-371275，監造人員：薛智惟089-862625,2017/8/2~2017/10/1,958台東縣池上鄉     957台東縣海端鄉     
池上系統-新興上、下路汰換管線工程【A0106_00009】,【停水區域一】台東縣池上鄉新興下路,2017-08-10 08:00至2017-09-29 18:00(每日上午8點至下午6點),2017-09-29 18:00以後,承包商電話:0928-349622(楊世明)    監造人員電話:0932-171550(陳韋君),2017/8/7~2017/9/30,958台東縣池上鄉     
北斗-106年度田尾、埤頭分區計量管網計畫DB-06-1103-02【BB106_00065】,【停水區域一】彰化縣田尾鄉海豐村;中正路三段,2017-09-07 08:00至2017-09-26 18:00(:每日上午8點至下午6點),2017-09-26 18:00以後,04-8882073    0937778383    0912975533,2017/9/6~2017/9/27,522彰化縣田尾鄉     
北斗-106年度田尾、埤頭分區計量管網計畫DB-06-1103-02【BB106_00066】,【停水區域一】彰化縣田尾鄉海豐村;中正路三段,2017-09-07 08:00至2017-09-26 18:00(:每日上午8點至下午6點),2017-09-26 18:00以後,04-8882073    0937778383    0912975533,2017/9/6~2017/9/27,522彰化縣田尾鄉     
辦理水里鄉水里路、中正路及信義鄉開信巷等汰換管線工程【4H106_00061】,【停水區域一】南投縣水里鄉中央村;城中村;中山路二段;中正路;民生路,2017-09-11 09:00至2017-09-30 17:30(每日停水8小時，分段分區停水),2017-09-30 17:30以後,049-2762076,2017/9/7~2017/10/1,553南投縣水里鄉     
辦理高市大寮鳳屏一路汰換管線新舊管線連接施工停水【7T106_00472】,【停水區域一】高雄市大寮區高市大寮鳳屏一路(大漢路~埤北路)及大漢路以南、立德路以北、埤北路以東等水壓降低或無水,2017-09-12 08:00至2017-09-30 18:00(每日上午8點至下午6點),2017-09-30 18:00以後,07-7883714,2017/9/11~2017/10/1,831高雄市大寮區     
溪湖-106年度溪湖、埔鹽、田尾分區計量管網計畫(溪湖鎮東興路及興學街)【BM106_00067】,【停水區域一】彰化縣溪湖鎮湖東里;光平里;平和里,2017-09-13 09:00至2017-09-29 19:00(每日上午9點至下午6點),2017-09-29 19:00以後,04-8851778,2017/9/13~2017/9/30,514彰化縣溪湖鎮     
溪湖-106年度溪湖、埔鹽、田尾分區計量管網計畫(溪湖鎮東興路及興學街)【BM106_00068】,【停水區域一】彰化縣溪湖鎮湖東里;光平里;平和里,2017-09-13 09:00至2017-09-29 19:00(每日上午9點至下午6點),2017-09-29 19:00以後,04-8851778,2017/9/13~2017/9/30,514彰化縣溪湖鎮     
溪湖-106年度溪湖、埔鹽、田尾分區計量管網計畫(溪湖鎮東興路及興學街)施工【BM106_00069】,【停水區域一】彰化縣溪湖鎮湖東里;光平里;平和里,2017-09-13 09:00至2017-09-29 19:00(每日上午9點至下午6點),2017-09-29 19:00以後,04-8851778,2017/9/13~2017/9/30,514彰化縣溪湖鎮     
溪湖-106年度溪湖、埔鹽、田尾分區計量管網計畫(溪湖鎮東興路及興學街)施工【BM106_00070】,【停水區域一】彰化縣溪湖鎮湖東里;光平里;平和里,2017-09-13 09:00至2017-09-29 19:00(每日上午9點至下午6點),2017-09-29 19:00以後,04-8851778,2017/9/13~2017/9/30,514彰化縣溪湖鎮     
溪湖-106年度溪湖、埔鹽、田尾分區計量管網計畫(溪湖鎮東興路及興學街)施工【BM106_00071】,【停水區域一】彰化縣溪湖鎮湖東里;光平里;平和里,2017-09-13 09:00至2017-09-29 19:00(每日上午9點至下午6點),2017-09-29 19:00以後,04-8851778,2017/9/13~2017/9/30,514彰化縣溪湖鎮     
西屯區市政北二路238號邊辦理用戶新裝停水【41106_00021】,【停水區域一】台中市西屯區朝富路、市政北七路、河南路三段、市政北二路等包含附近各巷弄(潮洋里),2017-09-26 08:30至2017-09-26 16:00,2017-09-26 16:00以後,22210169,2017/9/13~2017/9/27,407台中市西屯區     
配合土城區延平及延壽路管線汰換工程【CH106_00106】,【停水區域一】新北市土城區平和里;安和里;延平街口77號旁及周邊巷弄;延和路89號至121號及周邊巷弄,2017-09-11 08:00至2017-09-29 19:00(當日上午8點至下午7點),2017-09-29 19:00以後,02-22655672,2017/9/13~2017/9/30,236新北市土城區     
台中市西屯區文華路(逢甲至福星路)汰換管線工程【RB-04-0401-45】，施工停水。【4S106_01162】,【停水區域一】台中市西屯區文華路;文華路永新巷;文華路永新巷北一弄;文華路永新巷北二弄;文華路永新巷北三弄;文華路永新巷南二弄,2017-09-18 07:00至2017-10-31 16:00(每日07時00分至16時00分，每日16時00分起恢復正常供水。〔僅每日施工路段(約100公尺)週邊用戶停水(影響戶數約數十戶不等〕遇雨順延。),2017-10-31 16:00以後,04-22442469,2017/9/15~2017/11/1,407台中市西屯區     
南區國光路305號邊辦理用戶新裝停水【41106_00022】,【停水區域一】台中市南區國光路、仁和路、台中路、忠明南路等包含附近各巷弄(國光里、南門里、東興里),2017-09-28 08:30至2017-09-28 16:00,2017-09-28 16:00以後,22210169,2017/9/15~2017/9/29,402台中市南區       
溪湖-彰化縣秀水鄉民意街等汰換管線工程(彰水路與安樂街口)施工【BM106_00074】,【停水區域一】彰化縣秀水鄉安東村,2017-09-18 08:30至2017-09-29 19:00(上午8點半至下午7點),2017-09-29 19:00以後,04-8851778,2017/9/18~2017/9/30,504彰化縣秀水鄉     
用戶新裝工程【60106_00071】,【停水區域一】台南市南區1.國華街1段(府緯街口至五妃街口)2.西門路1段545巷(全),2017-09-27 08:30至2017-09-27 17:00,2017-09-27 17:00以後,06-2370021、1910,2017/9/18~2017/9/28,702台南市南區       
本處因(富世小區)進行水量計埋設，將實施局部停水。【9S106_00244】,【停水區域一】花蓮縣秀林鄉秀林村:民享、秀林、民治;花蓮縣新城鄉新城村:新興路、新興路117巷,2017-09-25 13:00至2017-09-25 17:00,2017-09-25 17:00以後,038351141,2017/9/19~2017/9/26,972花蓮縣秀林鄉     971花蓮縣新城鄉     
本處因(新城小區)進行水量計埋設，將實施局部停水。【9S106_00245】,【停水區域一】花蓮縣新城鄉新興路、新興一路～三路、新興一街～三街、新興五街～八街。,2017-09-26 13:00至2017-09-26 17:00,2017-09-26 17:00以後,038351141,2017/9/19~2017/9/27,971花蓮縣新城鄉     
嘉義縣大林鎮中林里中林路汰換管線工程(RB06050103)【5Y106_00144】,【停水區域一】嘉義縣大林鎮中林里中林路,2017-09-25 08:00至2017-09-29 19:00(每日上午8點至下午7點),2017-09-29 19:00以後,05-2262806,2017/9/20~2017/9/30,622嘉義縣大林鎮     
嘉縣水上鄉中庄村汰換管線工程【50106_00069】,【停水區域一】嘉義縣水上鄉中庄村1號至71-9號、中義路823至869號,2017-09-25 08:00至2017-09-25 18:00(:每日上午8點至下午6點),2017-09-25 18:00以後,0972503183監造、現場人員0981011203,2017/9/20~2017/9/26,608嘉義縣水上鄉     
嘉縣水上鄉中庄村汰換管線工程【50106_00070】,【停水區域一】嘉義縣水上鄉中庄村1號及2號、61-28至61-166,2017-09-26 08:00至2017-09-28 18:00(:每日上午8點至下午6點),2017-09-28 18:00以後,0972503183監造、現場人員0981011203,2017/9/20~2017/9/29,608嘉義縣水上鄉     
鹿港-鹿港鎮頂草路一段107巷7弄及99弄、頂草路2段23巷管線汰換【BG106_00029】,【停水區域一】彰化縣鹿港鎮頂番里，鹿港鎮頂番里頂草路一段107巷7弄及99弄、頂草路2段23巷{全部}，進行管線汰換，預定施工期程為9月20日至10月27日，承商施工至該用戶門口前，預計當日下午2點至5點進行用戶外線改接，請民眾提早蓄水備用，待供水恢復後再啟動加壓設備，不便之處，多加體諒。,2017-09-20 09:00至2017-10-27 17:00(每日上午9點至下午5點),2017-10-27 17:00以後,04-7772127、04-7772609,2017/9/20~2017/10/28,505彰化縣鹿港鎮     
用戶新裝工程_東津一路288號【8A106_00090】,【停水區域一】宜蘭縣壯圍鄉美福路三段112巷16號;中興六路98號至中興六路157號;美福七路8號至16號;美福路3段226號;東津路23號至東津路25號，東津一路208號至248號;中興六路118巷1號至20號;中興七路58號至161號;美福六路32號至82號,2017-09-25 13:00至2017-09-25 17:00,2017-09-25 17:00以後,03-9323255*27,2017/9/20~2017/9/26,263宜蘭縣壯圍鄉     
執行西螺所106年分區計量管網工程【5J106_00093】,【停水區域一】雲林縣崙背鄉南陽村、羅厝村,2017-09-20 08:00至2017-09-26 18:00(每日上午8點至下午6點),2017-09-26 18:00以後,05-5862163,2017/9/20~2017/9/27,637雲林縣崙背鄉     
執行西螺所106年分區計量管網工程【5J106_00092】,【停水區域一】雲林縣崙背鄉羅厝村;南陽村,2017-09-20 08:00至2017-09-26 18:00(每日上午8點至下午6點),2017-09-26 18:00以後,055862163,2017/9/20~2017/9/27,637雲林縣崙背鄉     
辦理「嘉市民國路、啟明路汰換管線工程」，抽換埋設200、300公釐DIP自來水管線【50106_00074】,【停水區域一】嘉義市東區啟明路至光彩街路口(含巷弄)、民國路2號至135號、民族路2號至145號路口(含巷弄)、朝陽街5號至120號(含巷弄)。,2017-09-25 08:00至2017-09-29 18:00(每日上午8時到下午6時暫停供水),2017-09-29 18:00以後,052252670#315,2017/9/20~2017/9/30,600嘉義市東區       
嘉縣水上鄉國際城等汰換管線工程RB06050111【50106_00075】,【停水區域一】嘉義縣水上鄉忠和村中庄601號至771號。,2017-09-25 08:00至2017-09-27 18:00(每日上午8點至下午6點),2017-09-27 18:00以後,05-2252670-305,2017/9/21~2017/9/28,608嘉義縣水上鄉     
宜蘭市黎明里黎明二路276巷41號供水延管工程【8A106_00091】,【停水區域一】宜蘭縣宜蘭市黎明二路216號至黎明二路326號，約37戶。,2017-09-25 13:00至2017-09-25 17:00,2017-09-25 17:00以後,039-233-255#50,2017/9/21~2017/9/26,260宜蘭縣宜蘭市     
宜蘭市黎明里黎明二路276巷41號供水延管工程【8A106_00092】,【停水區域一】宜蘭縣宜蘭市黎明一路、黎明路、壯五路等，約103戶。,2017-09-25 13:00至2017-09-25 17:00,2017-09-25 17:00以後,039-233-255#50,2017/9/21~2017/9/26,260宜蘭縣宜蘭市     
新莊區-分區計量管網委外建置(1201-02-04-04、1201-02-02-05)小區封閉確認【C3106_00115】,【停水區域一】新北市新莊區1201-02-02-05-昌平街2~88號(雙號側含巷弄)、昌明街2~80號(雙號側含巷弄)、昌平街82巷、昌明街14、30、46巷、福壽街169巷
1201-02-04-04-幸福路607~765號(單號側含巷弄)、中和街110~158號(雙號側含巷弄)、中誠街(單雙號全含巷弄)、中港路290~390號(雙號側含巷弄)、中港路297~471號(單號側含巷弄)、中華路二段1~87號(單號側含巷弄),2017-09-27 09:00至2017-09-27 16:00(每日上午9點至下午4點),2017-09-27 16:00以後,1910,2017/9/21~2017/9/28,242新北市新莊區     
新莊區-分區計量管網委外建置(1201-02-04-02、1201-02-02-06)小區封閉確認【C3106_00116】,【停水區域一】新北市新莊區1201-02-04-02-幸福路763~829號(單號側含巷弄)、中和街1~131號(單號側含巷弄)、中和街2~158號(雙號側含巷弄)、復興路一段1~91號(單號側含巷弄)、中平路10~200號(雙號側含巷弄)、泰安街(全)、泰順街(全)、永安街(全)、永樂街(全)、中港一街143~161號(單號側含巷弄)
1201-02-02-06-中華路二段158號~316號(雙號側含巷弄)、昌隆街5~31號(單號側含巷弄)、昌平街1~79號(單號側含巷弄)、中原路51~189號(單號側含巷弄),2017-09-28 09:00至2017-09-28 16:00(每日上午9點至下午4點),2017-09-28 16:00以後,1910,2017/9/21~2017/9/29,242新北市新莊區     
9/29「平鎮區中豐路南勢二段管線工程」公告停水【20106_00017】,【停水區域一】桃園市平鎮區平鎮里、鎮興里、平安里、金星里、平南里、南勢里。﹙中豐路南勢一、二段、南平路、南東路、南京路、中庸路、新光路、上海路﹚,2017-09-29 22:00至2017-09-30 12:00,2017-09-30 12:00以後,免付費服務電話：1910   楊梅服務所:03-4789261,2017/9/21~2017/10/1,324桃園市平鎮區     
新莊區思源路32號至思源路復興路口管線汰換工程【C3106_00114】,【停水區域一】新北市新莊區思源路38號-56號,2017-09-24 09:00至2017-09-25 18:00(每日上午9點至下午6點),2017-09-25 18:00以後,1910,2017/9/21~2017/9/26,242新北市新莊區     
新北市樹林區八德街826號對面辦理新用戶改裝工程施工【C5106_00101】,【停水區域一】新北市樹林區八德街832至1022號,2017-09-24 09:00至2017-09-24 17:00(每日上午9點至下午5點，遇雨天順延。),2017-09-24 17:00以後,02-26812254,2017/9/22~2017/9/25,238新北市樹林區     
目前因本日新竹市地區原水量不足，造成新竹地區水壓降低甚至停水實非得已，不便之處，並請於離峰用水時間，蓄水備用敬請見諒。【32106_00039】,【停水區域一】新竹市北區林森路、育英路、光華二街、光華一街、光華街、光華街、光華東街、光華北街、竹光路、水田街、和平路、湳雅街經、經國路1、2、3段、中山路、華北路、育德街、西門街、西安街、民生路、民權路、民主路、民族路、鐵道路二段、北大路，仁愛街。;新竹市東區東南街;東前路，東進路，東勢街;東園街;東勝路;林森路;博愛街;體育街;新源街，食品路，南大路，竹蓮街，振興路;柴橋路;新竹市香山區中華路三段;中華路四段;牛埔南路;牛埔東路;牛埔北路;牛埔路;,2017-09-21 08:00至2017-09-25 21:00,2017-09-25 21:00以後,     03-5712141  1910,2017/9/22~2017/9/26,300新竹市北區       300新竹市東區       300新竹市香山區     
高市小港區平和六路等汰換管線工程【7I106_00124】,【停水區域一】高雄市小港區平和路、平和六路、平和七路、鋼平街等(含巷弄),2017-09-25 09:00至2017-09-30 17:00(每日上午9時至下午5時),2017-09-30 17:00以後,0921209171,2017/9/22~2017/10/1,812高雄市小港區     
北斗-106年度田尾、埤頭分區計量管網計畫DB-06-1103-02【BB106_00073】,【停水區域一】彰化縣北斗鎮大道里;中山路一段;斗苑路一段;斗苑路二段;彰化縣田尾鄉饒平村;中山路一段;中山路二段;建平路,2017-09-23 08:30至2017-09-25 18:00(每日上午8點至下午6點),2017-09-25 18:00以後,04-8882073    0937778383    0912975533,2017/9/22~2017/9/26,521彰化縣北斗鎮     522彰化縣田尾鄉     
北斗-106年度田尾、埤頭分區計量管網計畫DB-06-1103-02【BB106_00074】,【停水區域一】彰化縣北斗鎮大道里;中山路一段;中山路二段;斗苑路一段;斗苑路二段,2017-09-23 08:00至2017-09-25 18:00(每日上午8點至下午6點),2017-09-25 18:00以後,04-8882073    0937778383    0912975533,2017/9/22~2017/9/26,521彰化縣北斗鎮     
「106年豐原廠豐原西區小區管網建置工程」小區管網範圍確認及管線調查停水測試(非整日停水，僅每日測試時段08:30~17:00每次短暫停水時間約30分鐘)【4M106_00254】,【停水區域一】台中市豐原區豐原大道一段、中山路、成功路、大明路、三村路、西勢路、三和路、同心街、互助街、合作街、大光街、中正路、成功路、一心路、社興路、社皮路、西勢一街、西勢二街、西勢三街、西勢四街、西勢五街、西勢六街、社興一街、社興二街、社興三街、社興四街、社興五街、豐原大道八段、豐洲路、五權路、圓環西路、建成路、福德路、豐社路、圳寮路、豐西街、瑞安街、榮春街,2017-09-25 08:30至2017-09-30 17:00(非整日停水，僅每日測試時段08:30~17:00每次短暫停水時間約30分鐘),2017-09-30 17:00以後,04-25722643豐原給水廠,2017/9/22~2017/10/1,420台中市豐原區     
管線漏水修理【6H106_00174】,【停水區域一】台南市永康區永科環路及鄰近路段,2017-09-23 08:00至2017-09-24 17:00(每日上午8點至下午5點),2017-09-24 17:00以後,1910   06-2325714,2017/9/22~2017/9/25,710台南市永康區     
管線漏水修理【6H106_00175】,【停水區域一】台南市永康區永科三路及鄰近路段,2017-09-23 08:00至2017-09-24 17:00(每日上午8點至下午5點),2017-09-24 17:00以後,1910  06-2325714,2017/9/22~2017/9/25,710台南市永康區     
「106年度台中廠0401-01-05等分區計量管網建置工程」小區管網範圍確認及管線調查停水測試(非整日停水，僅每日測試時段08:30~17:00、23:30~05:00每次短暫停水時間約30分鐘)【4S106_01199】,【停水區域一】台中市西屯區甘肅路二段、櫻花路、櫻城一街、美滿街、大河一巷、美滿東一巷、美滿東二巷、美滿東三巷、長安路一段、文心路三段、惠來路三段、櫻城五街、櫻城六街、西屯路二段、青海路二段、逢甲路、光明路、逢明街、烈美街、西安南巷、黎明路三段、西屯路三段、青海路二段、西墩南一巷、逢甲路、至善路、福星路、河南路二段、文華路、崇義街、福上巷、中新巷、永新巷、上石北五巷、台灣大道三段、上安路等附近一帶巷弄。(大河里、何仁里、逢福里、西安里、西墩里、西平里、至善里、逢甲里),2017-09-25 08:30至2017-09-30 17:00,2017-09-30 17:00以後,04-22442469.....1910,2017/9/22~2017/10/1,407台中市西屯區     
嘉市建成街58巷道路闢建管線工程【51106_00087】,【停水區域一】嘉義市西區垂楊里建成街36巷、58巷及新民路848巷等住戶。,2017-09-26 08:00至2017-09-28 18:00(每日上午8點至下午6點),2017-09-28 18:00以後,05-2252670,2017/9/22~2017/9/29,600嘉義市西區       
屏東市勝利路(忠孝路至和平路)汰換管線工程施工【7B106_00050】,【停水區域一】屏東縣屏東市勝利路(徐州路至和平路一帶)、和平路(青島街至迪化街一帶)、和平路482巷、蘭州街(靠和平路雙號),2017-09-22 08:00至2017-09-25 17:00(每日上午8點至下午5點),2017-09-25 17:00以後,08-7226170、7220040,2017/9/22~2017/9/26,900屏東縣屏東市     
配合新北市政府水利局汙水下水道工程施作自來水管線遷移【CH106_00133】,【停水區域一】新北市土城區中央路4段96號-256號,2017-09-25 09:00至2017-09-27 18:00(上午9點至下午6點),2017-09-27 18:00以後,0222655172,2017/9/22~2017/9/28,236新北市土城區     
配合新北市政府水利局汙水下水道工程施作自來水管線遷移【CH106_00135】,【停水區域一】新北市土城區中央路4段262-316雙號、中洲路3巷31-43號單號及42-52號巷弄雙號,2017-09-28 09:00至2017-09-29 18:00(上午9點至下午6點),2017-09-29 18:00以後,0222655172,2017/9/22~2017/9/30,236新北市土城區     
新北市樹林區東佳路7號辦理用戶新改裝工程施工【C5106_00102】,【停水區域一】新北市樹林區東和街、福德街全部(以上含巷弄),2017-09-25 09:00至2017-09-25 17:00(每日上午9點至下午5點 ，遇雨天順延，請將車輛或物品提前淨空，避免延誤工程延長停水時間。),2017-09-25 17:00以後,(02026812254,2017/9/22~2017/9/26,238新北市樹林區     
執行西螺所106年分區計量管網工程【5J106_00094】,【停水區域一】雲林縣崙背鄉南陽村、羅厝村、港尾村、土庫鎮新庄里,2017-09-20 08:00至2017-09-26 18:00(每日上午8點至下午6點),2017-09-26 18:00以後,05-5862163,2017/9/23~2017/9/27,637雲林縣崙背鄉     
因巴拉卡與老梅溪原水乾枯導致水壓降低【1B106_00068】,【停水區域一】新北市三芝區義山里;櫻花山莊;新北市淡水區義山里;櫻花山莊;淡金路三段一帶,2017-09-23 17:00至2017-09-24 08:00,2017-09-24 08:00以後,02-2621-3170,2017/9/23~2017/9/25,252新北市三芝區     251新北市淡水區     
梅林加壓站馬達異常【5H106_00266】,【區域1】雲林縣斗六市梅林里;湖山里;雲林縣古坑鄉棋盤村,2017/09/23 19:20至2017/09/24 0:0 ,2017/09/24 0:0以後,,2017/9/23~2017/9/25,640雲林縣斗六市     646雲林縣古坑鄉     
因『台南市南化區西埔里西埔55號附近』『修漏案件/1.路面漏水：民眾通報路面漏水，不影響交通，水量大，請協助。』修理【6B106_00146】,【停水區域一】台南市南化區西埔,2017-09-24 07:30至2017-09-24 12:30,2017-09-24 12:30以後,06-5742323,2017/9/24~2017/9/25,716台南市南化區     
因『台南市南化區南化里29-11號前』『(1.9)路邊漏水，請速修。』修理【6B106_00147】,【停水區域一】台南市南化區南化,2017-09-24 13:00至2017-09-24 17:00,2017-09-24 17:00以後,06-5742323,2017/9/24~2017/9/25,716台南市南化區     
新竹縣竹北市中華路405巷11弄11號150MM管線漏水搶修【3H106_00095】,【區域1】新竹縣竹北市華興街、中華路405巷(含11弄),2017/09/24 9:10至2017/09/24 11:30 ,2017/09/24 11:30以後,,2017/9/24~2017/9/25,302新竹縣竹北市     
因『宜蘭縣蘇澳鎮中原路92巷11號』『修漏案件/路面漏水：漏水量大』修理【8S106_00410】,【停水區域一】宜蘭縣蘇澳鎮中原路92巷76巷,2017-09-24 09:20至2017-09-24 11:20,2017-09-24 11:20以後,0937849881,2017/9/24~2017/9/25,270宜蘭縣蘇澳鎮     
南投市彰南路三段532巷內80MM破管搶修【4B106_90517】,【區域1】南投縣南投市彰南路三段532巷,2017/09/24 10:30至2017/09/24 13:30 ,2017/09/24 13:30以後,,2017/9/24~2017/9/25,540南投縣南投市     
加壓站跳機，導致停水【C5106_00103】,【區域1】新北市樹林區大慶街(全部),2017/09/24 9:0至2017/09/24 13:0 ,2017/09/24 13:0以後,,2017/9/24~2017/9/25,238新北市樹林區     
因『台中市南區合作街靠近愛國139號』『修漏案件/1.路面漏水：1999陳小姐代林先生反應，目前該址(文創園區側門處)的路邊有漏水且地面已經有隆起的狀況，水量偏大會影響交通，煩請相關單位協助用戶處理，謝謝。市府案編B57791』修理【4S106_01204】,【停水區域一】台中市南區合作街.愛國街等與附近一帶,2017-09-24 11:00至2017-09-24 15:00,2017-09-24 15:00以後,1910,2017/9/24~2017/9/25,402台中市南區       
因『台中市南區合作街靠近愛國139號』『修漏案件/1.路面漏水：1999陳小姐代林先生反應，目前該址(文創園區側門處)的路邊有漏水且地面已經有隆起的狀況，水量偏大會影響交通，煩請相關單位協助用戶處理，謝謝。市府案編B57791』修理【4S106_01205】,【停水區域一】台中市南區合作街.愛國街等與附近一帶,2017-09-24 11:00至2017-09-24 15:00,2017-09-24 15:00以後,1910,2017/9/24~2017/9/25,402台中市南區       
因『宜蘭縣蘇澳鎮自強路1號對面』『修漏案件/路面漏水』修理【8S106_00411】,【停水區域一】宜蘭縣蘇澳鎮自強路,2017-09-24 11:20至2017-09-24 13:20,2017-09-24 13:20以後,0937849881,2017/9/24~2017/9/25,270宜蘭縣蘇澳鎮     
開安1街8巷漏水搶修【6S106_00386】,【停水區域一】台南市安南區永安路，開安路，開安1.2.3.4.5.6.7街,2017-09-25 09:00至2017-09-25 16:00,2017-09-25 16:00以後,06-3036097,2017/9/24~2017/9/26,709台南市安南區     
台西鄉106年消防栓增設工程(WR-06-0519-68)【5G106_00061】,【停水區域一】雲林縣台西鄉和豐村;復興,2017-09-26 08:00至2017-09-26 17:00(每日上午8點至下午5點),2017-09-26 17:00以後,05-6982250,2017/9/24~2017/9/27,636雲林縣台西鄉     
辦理龜山區復興街等汰換管線工程文化三路新舊管聯絡【25106_00101】,【停水區域一】桃園市龜山區文化三路(龜山一路至復興一路)含周邊巷弄、文三一街、文三二街、文三三街、文二一街、復興街等,2017-09-24 11:00至2017-09-24 18:00,2017-09-24 18:00以後,033294999*305,2017/9/24~2017/9/25,333桃園市龜山區     
沙鹿區六路里南陽路、六路八街至六路十八街等路段地區因可能管線破漏造成水壓低【4P106_00190】,【停水區域一】台中市沙鹿區六路里南陽路、六路八街至六路十八街等路段地區及附近巷弄,2017-09-24 12:08至2017-09-24 23:00,2017-09-24 23:00以後,04-26312127 (0910587305),2017/9/24~2017/9/25,433台中市沙鹿區     
辦理龜山區復興街等汰換管線工程文化三路新舊管聯絡【25106_00104】,【停水區域一】桃園市龜山區文化三路(龜山一路至復興一路)含周邊巷弄、文三一街、文三二街、文三三街、文二一街、復興街等,2017-09-25 11:00至2017-09-25 17:00,2017-09-25 17:00以後,033294999*305,2017/9/24~2017/9/26,333桃園市龜山區     
六龜區新威淨水廠原水不足【7K106_00061】,【區域1】高雄市六龜區新興里、新威里,2017/09/24 19:30至2017/09/25 10:0 ,2017/09/25 10:0以後,,2017/9/24~2017/9/26,844高雄市六龜區     
六龜區新威淨水廠原水不足【7K106_00061】,【區域1】高雄市六龜區新興里、新威里,2017/09/24 19:30至2017/09/25 10:0 ,2017/09/25 10:0以後,,2017/9/24~2017/9/26,844高雄市六龜區     
因大肚淨水場供水設備出問題致出水量減少。【4P106_00191】,【停水區域一】台中市大肚區鐵道以西之頂街里、永和里、磺溪里、永順里、成功里等里地區。,2017-09-24 22:00至2017-09-25 08:00,2017-09-25 08:00以後,04-26312127 (0910587305),2017/9/24~2017/9/26,432台中市大肚區     
台中市沙鹿區六路里南陽路、六路十六街至六路十八街等路段地區及附近巷弄可能破管，造成水壓低。【4P106_00192】,【停水區域一】台中市沙鹿區六路里南陽路、六路十六街至六路十八街等路段地區及附近巷弄。,2017-09-25 00:00至2017-09-25 09:00,2017-09-25 09:00以後,04-26312127 (0910587305),2017/9/24~2017/9/26,433台中市沙鹿區     
管線汰換工程【7I106_00125】,【停水區域一】高雄市三民區博惠里建國一路北側(由民族一路以東至凱旋一路以西)一帶,2017-09-25 08:00至2017-09-25 18:00(每日上午8點至下午6點),2017-09-25 18:00以後,3312292-237,2017/9/25~2017/9/26,807高雄市三民區     
管線汰換工程【7I106_00126】,【停水區域一】高雄市三民區博惠里建國一路北側(由民族一路以東至凱旋一路以西)一帶,2017-09-26 08:00至2017-09-30 18:00(每日上午8點至下午6點),2017-09-30 18:00以後,3312292-237,2017/9/25~2017/10/1,807高雄市三民區     
因『桃園市龜山區大崗里忠義路二段92巷219號  前』『修漏案件/1.路面漏水：里長反映路邊漏水，漏水量小，請協助處理』修理【25106_00105】,【停水區域一】桃園市龜山區忠義路二段92巷.光華路二段(含巷弄),2017-09-25 08:30至2017-09-25 12:00,2017-09-25 12:00以後,0939349453,2017/9/25~2017/9/26,333桃園市龜山區     
因『台南市東區東門路一段與前鋒路交口』路面漏水搶修【6S106_00387】,【停水區域一】台南市東區東門路一段，前鋒路，青年路，新樓街，東榮街、北門路一段,2017-09-25 08:00至2017-09-25 18:00,2017-09-25 18:00以後,06-2370021  06-3036097  1910,2017/9/25~2017/9/26,701台南市東區       
池上系統-慶豐管線汰換工程(無預警停水)【AB106_00025】,【停水區域一】台東縣池上鄉慶豐村,2017-09-25 08:30至2017-09-25 17:00(:每日上午8點至下午5點 (預警性停水)),2017-09-25 17:00以後,池上所:089-862625、工地負責人:0985-612503徐征源、監工:0921-931413劉奕妘,2017/9/25~2017/9/26,958台東縣池上鄉     
台南市東區中華東路一段 制水閥搶修【6S106_00388】,【停水區域一】台南市東區中華東路一段182號至218號,2017-09-25 08:30至2017-09-25 11:00,2017-09-25 11:00以後,06-2370021  06-3036097  1910,2017/9/25~2017/9/26,701台南市東區       
竹崎鄉義隆村大坪頂2-5號前漏水搶修【5X106_00534】,【停水區域一】嘉義縣竹崎鄉龍山村;義隆村;塘興村,2017-09-25 10:00至2017-09-25 19:00,2017-09-25 19:00以後,2611075,2017/9/25~2017/9/26,604嘉義縣竹崎鄉     
池上系統-慶豐村汰換管線之斷管連絡工程【AB106_00026】,【停水區域一】台東縣池上鄉慶豐村,2017-09-26 08:30至2017-09-30 17:30(:每日上午8點30分點至下午5點30分),2017-09-30 17:30以後,池上所:089-862625、工地負責人:0985-612503徐征源、監工:0921-931413劉奕妘,2017/9/25~2017/10/1,958台東縣池上鄉     
學甲區華宗路等汰換管線工程【68106_00120】,【停水區域一】台南市學甲區中山路;中正路;華宗路;新生路,2017-09-25 08:00至2017-10-08 17:00(106年9月25~10月08日上午08時00分至下午17時00分止停水(如遇雨則順延，每日施工完成後恢復供水)。),2017-10-08 17:00以後,067222477,2017/9/25~2017/10/9,726台南市學甲區     
因緊急搶修『台南市柳營區太康里122之9號對面路邊漏水』修理【6A106_00118】,【停水區域一】台南市柳營區太康里,2017-09-25 09:00至2017-09-25 14:00(上午09時至下午14時),2017-09-25 14:00以後,06-6322240,2017/9/25~2017/9/26,736台南市柳營區     
道路漏水【4R106_00281】,【停水區域一】南投縣草屯鎮成功路一段,2017-09-25 09:00至2017-09-25 11:00,2017-09-25 11:00以後,049-2563505,2017/9/25~2017/9/26,542南投縣草屯鎮     
因『南投縣名間鄉濁水村員集路1-13號』『地下漏水』修理【4H106_00069】,【停水區域一】南投縣名間鄉員集路,2017-09-25 09:00至2017-09-25 13:00(上午9點至下午13點),2017-09-25 13:00以後,049-2762076,2017/9/25~2017/9/26,551南投縣名間鄉     
「106年度台中廠分區計量管網建置工程」小區管網封閉確認停水〔非整日停水，僅每日測試時段短暫停水〕，遇雨順延。【4S106_01206】,【停水區域一】台中市西屯區台灣大道三段、青海路二段、河南路二段、至善路、上安路、上仁街、上明一街、上明二街、上明三街等附近一帶巷弄。(上安里);台中市西區五權西路一段、忠明南路、存中街、福人街、大忠南街、精誠二十九街、東興路三段、向上南路一段、向上路一段、精誠路、大同街、向上一街、向上南路一段、向上路一段、精誠路、大忠街、精誠二十三街、精誠二十四街、精誠二十五街、精誠二十七街、精誠二十八街、精誠二十九街、精誠三十街、精誠三十一街等附近一帶巷弄。(大忠里、公正里、公德里);台中市南屯區五權西路一段、東興路二段、精誠路、大墩四街、東興路二段、向上南路一段、精誠路、大墩四街、大墩五街、大墩六街、大墩七街、大同街等附近一帶巷弄。(大誠里、大同里),2017-09-27 08:00至2017-10-04 17:00,2017-10-04 17:00以後,04-22442469.....1910,2017/9/25~2017/10/5,407台中市西屯區     403台中市西區       408台中市南屯區     
因『新北市鶯歌區佳園路3段99巷9號』『(1.9)路邊漏水，請速修。』修理【C6106_00220】,【停水區域一】新北市樹林區佳園路三段99巷,2017-09-25 09:30至2017-09-25 14:30,2017-09-25 14:30以後,26792527.26792224,2017/9/25~2017/9/26,238新北市樹林區     
因『台南市新化區護安街93號』『修漏案件/4.用戶外線漏水：用戶表示該處水溝內漏水，漏水量小，煩請協助。』修理【63106_00317】,【停水區域一】台南市新化區護安街;民生路;中正路;中山路,2017-09-25 08:45至2017-09-25 10:30,2017-09-25 10:30以後,06-5973437,2017/9/25~2017/9/26,712台南市新化區     
彰化-彰化市光復路等汰換管線工程【BS106_00060】,【停水區域一】彰化縣彰化市一心東街1號至145號;一心東街23巷};互助二街42巷,2017-09-25 08:30至2017-09-30 17:30(每日上午8點30分至下午5點30分),2017-09-30 17:30以後,04-7353883,2017/9/25~2017/10/1,500彰化縣彰化市     
因『龍潭區德湖街34鄰路口』自來水管線漏水搶修，影響部份用戶暫時無水，敬請見諒。【2W106_00113】,【停水區域一】桃園市龍潭區梅龍路全;梅龍三街,2017-09-25 09:00至2017-09-25 12:00,2017-09-25 12:00以後,03-4712002,2017/9/25~2017/9/26,325桃園市龍潭區     
配合新北市政府水利局汙水下水道工程施作自來水管線遷移【CH106_00134】,【停水區域一】新北市土城區中央路4段96號-256號,2017-09-25 09:00至2017-09-27 18:00(上午9點至下午6點),2017-09-27 18:00以後,0222655172,2017/9/25~2017/9/28,236新北市土城區     
管線路面漏水搶修(官田里/官田工業區/工業北路)【6C106_00186】,【停水區域一】台南市官田區工業北路含分支道路附近,2017-09-25 10:00至2017-09-25 17:00(10:00~17:00),2017-09-25 17:00以後,06-5721165,2017/9/25~2017/9/26,720台南市官田區     
因『雲林縣斗南鎮阿丹里仁愛路右轉崙子路直走約500公尺處』『修漏案件/1.路面漏水：民眾反映雲林縣斗南鎮阿丹里仁愛路右轉崙子路直走約500公尺處;對面一整排透天;路中漏水;量小;不影響交通;請協助處理』修理【5F106_00045】,【停水區域一】雲林縣斗南鎮阿丹里,2017-09-25 09:05至2017-09-25 12:05,2017-09-25 12:05以後,055972682,2017/9/25~2017/9/26,630雲林縣斗南鎮     
因『屏東縣佳冬鄉羌園村內館路22號門口前』漏水修理【7C106_00173】,【停水區域一】屏東縣佳冬鄉屏東縣佳冬鄉羌園村內館路22號附近一帶,2017-09-25 09:30至2017-09-25 17:00,2017-09-25 17:00以後,08-832-5550,2017/9/25~2017/9/26,931屏東縣佳冬鄉     
彰化-彰化縣伸港鄉自強路等汰換管線工程【BS106_00064】,【停水區域一】彰化縣伸港鄉自強路、中正路、成功路、光明路、東洲路、復興路(施工期間每日短暫局部停水),2017-09-25 10:00至2017-10-20 18:00(每日上午8點至下午6點),2017-10-20 18:00以後,04-7353883,2017/9/25~2017/10/21,509彰化縣伸港鄉     
因『苗栗縣竹南鎮海口里光德路51號』100mm『 管線漏水』修理【3C106_00175】,【停水區域一】苗栗縣竹南鎮海口里.港墘里.開元里 明勝路.光德路.仁德.開元路.海口....地區,2017-09-25 09:10至2017-09-25 11:10,2017-09-25 11:10以後,623500,2017/9/25~2017/9/26,350苗栗縣竹南鎮     
因『宜蘭縣員山鄉金泰路往無名橋方向(金泰路17之1號線)』『修漏案件/1.路面漏水：民眾通報此只有一處地面漏水，過無名橋後的50公尺處，如不清楚漏水點可去電詢問民眾，煩請協助處理』修理【8R106_00278】,【停水區域一】宜蘭縣宜蘭市進士路1之6號到1之47號,2017-09-25 09:00至2017-09-25 12:00,2017-09-25 12:00以後,客服電話1910 深溝廠9233017,2017/9/25~2017/9/26,260宜蘭縣宜蘭市     
因『屏東縣東港鎮東隆里共和街５０－５號』漏水修理【7C106_00174】,【停水區域一】屏東縣東港鎮屏東縣東港鎮東隆里共和街５０－５號附近一帶,2017-09-25 09:30至2017-09-25 17:00,2017-09-25 17:00以後,08-832-5550,2017/9/25~2017/9/26,928屏東縣東港鎮     
埔里鎮西安路2段208號前道路漏水搶修【4D106_00248】,【停水區域一】南投縣埔里鎮牛眠里、福興里、史港里,2017-09-25 09:30至2017-09-25 17:00,2017-09-25 17:00以後,049-2915176,2017/9/25~2017/9/26,545南投縣埔里鎮     
嘉縣水上鄉中庄村汰換管線工程【50106_00076】,【停水區域一】嘉義縣水上鄉中庄村1號至71-124號、中義路823至829號。,2017-09-26 08:00至2017-09-26 18:00(:每日上午8點至下午6點),2017-09-26 18:00以後,0972503183監造、現場人員0981011203,2017/9/25~2017/9/27,608嘉義縣水上鄉     
岡山區中華路等汰換管線工程【76106_00090】,【停水區域一】高雄市岡山區仁壽里;前峰里;中華路;民族路;前峰路一帶,2017-09-27 08:30至2017-10-20 18:00(於9/27至10/20上午8:30至18:00),2017-10-20 18:00以後,07-6222814,2017/9/25~2017/10/21,820高雄市岡山區     
因『宜蘭縣宜蘭市南橋二路與大學路口』『修漏案件/1.路面漏水：』修理【8R106_00279】,【停水區域一】宜蘭縣宜蘭市南橋路.南橋二路,2017-09-25 09:40至2017-09-25 12:40,2017-09-25 12:40以後,9233017,2017/9/25~2017/9/26,260宜蘭縣宜蘭市     
小區封閉測式【5C106_00091】,【停水區域一】嘉義縣東石鄉塭港村,2017-09-25 09:50至2017-09-25 10:50,2017-09-25 10:50以後,053412045,2017/9/25~2017/9/26,614嘉義縣東石鄉     
因豐原區中陽路503巷9號破管搶修【4M106_00256】,【停水區域一】台中市豐原區中陽路503巷,2017-09-25 09:30至2017-09-25 12:00,2017-09-25 12:00以後,25722643,2017/9/25~2017/9/26,420台中市豐原區     
因『台中市豐原區朴子里豐勢路２段１０２１號』『加壓站故障修理』修理【4M106_00257】,【停水區域一】台中市豐原區台中市豐原區台中市豐原區豐勢路一段、豐勢路二段、國豐路、富陽路、朴子街、師範街、豐年路、萬年路、東北街、東仁街、明仁街、明義街、東興街、直興街、明興街、豐原大道二段、水源路、北陽路、中陽路、圓環北路二段、三豐路,2017-09-25 09:30至2017-09-25 15:00,2017-09-25 15:00以後,25722643,2017/9/25~2017/9/26,420台中市豐原區     
因『台中市潭子區得天街35巷26號門口』『漏水』修理【4M106_00258】,【停水區域一】台中市潭子區得天街,2017-09-25 10:00至2017-09-25 15:00,2017-09-25 15:00以後,25722643,2017/9/25~2017/9/26,427台中市潭子區     
長春路與潮陽路口斷管連絡【3A106_00128】,【停水區域一】新竹縣竹東鎮新民路;敦睦街;朝陽路;長春路三段;中和路;五豐;五豐一路;五豐九莊;五豐二路;五豐街;民德路;永康街;勝利路,2017-09-25 13:00至2017-09-25 17:00,2017-09-25 17:00以後,1910 ; 035963356; 035963359,2017/9/25~2017/9/26,310新竹縣竹東鎮     
因『高雄市小港區高坪十三街141號前空地旁』『管漏』修理【71106_00244】,【停水區域一】高雄市小港區高坪十三街附近一帶,2017-09-25 10:00至2017-09-25 13:00,2017-09-25 13:00以後,7321319,2017/9/25~2017/9/26,812高雄市小港區     
中華街10巷17號漏水搶修【C7106_00142】,【停水區域一】新北市泰山區中華街10巷,2017-09-25 10:08至2017-09-25 16:00,2017-09-25 16:00以後,2997480,2017/9/25~2017/9/26,243新北市泰山區     
桃園區大業路二段與健行路配合污水下水道管線遷移作業【22106_00318】,【停水區域一】桃園市桃園區大業路二段與健行路沿線周遭部份區域,2017-09-26 10:00至2017-09-26 16:00,2017-09-26 16:00以後,03-3346127,2017/9/25~2017/9/27,330桃園市桃園區     
台中市沙鹿區六路里南陽路、六路十三街至六路十八街等路段地區可能破管，造成水壓低，目前尚進行檢測改善處中。【4P106_00193】,【停水區域一】台中市沙鹿區六路里南陽路、六路十三街至六路十八街等路段地區及附近巷弄。,2017-09-25 10:00至2017-09-25 15:00,2017-09-25 15:00以後,04-26312127 (0910587305),2017/9/25~2017/9/26,433台中市沙鹿區     
配合雲縣斗南鎮成功路汰換管線工程施工停水【5F106_00046】,【停水區域一】雲林縣斗南鎮東明里;將軍里,2017-09-26 08:00至2017-09-26 18:00(每日上午8點至下午6點),2017-09-26 18:00以後,05-5972682,2017/9/25~2017/9/27,630雲林縣斗南鎮     
因『高雄市鳳山區五甲三路』『漏水』修理【7T106_00481】,【停水區域一】高雄市鳳山區福誠高中、五甲三路、福祥街、五福二路等附近一帶,2017-09-25 10:00至2017-09-25 18:00,2017-09-25 18:00以後,7883714,2017/9/25~2017/9/26,830高雄市鳳山區     
三灣鄉銅鏡村管線汰換工程100mm管線連接【3C106_00176】,【停水區域一】苗栗縣三灣鄉銅鏡村   大銅鑼圈   小銅鑼圈...地區,2017-09-25 10:20至2017-09-25 12:20,2017-09-25 12:20以後,623500    628000,2017/9/25~2017/9/26,352苗栗縣三灣鄉     
配合蘇澳鎮公所北濱汙排水道改善 自來水管遷移工程【8S106_00412】,【停水區域一】宜蘭縣蘇澳鎮學府路1-104號(全部)、學府路117號、學府路105巷(全部)、南安國中監測站,2017-09-25 13:00至2017-09-25 17:00,2017-09-25 17:00以後,1910,2017/9/25~2017/9/26,270宜蘭縣蘇澳鎮     
康寧加壓站蝶閥故障檢修【10106_00020】,【停水區域一】新北市汐止區福德一路、福德二路、福德三路、南陽街、環河街（以上係中興路110巷以後）、康寧街623巷以前、湖東街、湖前街、民族一街、民族二街、民族三街、民族五街、民族六街、明峰街、三民街（全部含各巷弄）,2017-09-26 09:00至2017-09-26 16:00,2017-09-26 16:00以後,02-86478218,2017/9/25~2017/9/27,221新北市汐止區     
因『屏東縣枋寮鄉東海村臨海路２段６巷２２號』漏水修理【7C106_00175】,【停水區域一】屏東縣枋寮鄉屏東縣枋寮鄉東海村臨海路２段６巷２２號附近一帶,2017-09-25 10:30至2017-09-25 17:00,2017-09-25 17:00以後,08-832-5550,2017/9/25~2017/9/26,940屏東縣枋寮鄉     
因『雲林縣斗六市雲南街306號前』『(1.9)路邊漏水，請速修。』修理【5H106_00267】,【停水區域一】雲林縣斗六市雲南街 宏德街 南昌街,2017-09-25 09:00至2017-09-25 12:00,2017-09-25 12:00以後,05-5322362,2017/9/25~2017/9/26,640雲林縣斗六市     
因『宜蘭縣蘇澳鎮馬賽路295號對面』『修漏案件/1.路面漏水：』修理【8S106_00413】,【停水區域一】宜蘭縣蘇澳鎮馬賽路.大同東巷全部,2017-09-25 10:30至2017-09-25 13:30,2017-09-25 13:30以後,0937849872,2017/9/25~2017/9/26,270宜蘭縣蘇澳鎮     
因『屏東縣枋寮鄉新龍村義民路88號』無水修理【7C106_00176】,【停水區域一】屏東縣枋寮鄉屏東縣枋寮鄉新龍村義民路88號附近一帶,2017-09-25 10:30至2017-09-25 17:00,2017-09-25 17:00以後,08-832-5550,2017/9/25~2017/9/26,940屏東縣枋寮鄉     
豐原給水廠機電跳機復歸【4G106_00225】,【停水區域一】台中市石岡區萬興里;萬安里;石岡里;九房里,2017-09-25 10:30至2017-09-25 13:00,2017-09-25 13:00以後,04-25874315或04-25874316,2017/9/25~2017/9/26,422台中市石岡區     
因『屏東縣東港鎮東港漁會托兒所到鎮海宮』無水處理【7C106_00177】,【停水區域一】屏東縣東港鎮屏東縣東港鎮東港漁會托兒所到鎮海宮附近一帶,2017-09-25 11:00至2017-09-25 17:00,2017-09-25 17:00以後,08-832-5550,2017/9/25~2017/9/26,928屏東縣東港鎮     
因緊急搶修『台南市鹽水區後宅里後寮40號』『路面漏水』修理【6A106_00119】,【停水區域一】台南市鹽水區後宅里,2017-09-25 11:00至2017-09-25 17:00(上午11時0分點至下午17時0分),2017-09-25 17:00以後,06-6322240,2017/9/25~2017/9/26,737台南市鹽水區     
嘉義縣民雄鄉中央村往新庄路中80MM破管搶修【5Y106_00146】,【停水區域一】嘉義縣民雄鄉中央村新庄,2017-09-25 10:50至2017-09-25 14:00,2017-09-25 14:00以後,052262806,2017/9/25~2017/9/26,621嘉義縣民雄鄉     
因『台中市西屯區四川東街31號』『路面漏水』修理【4S106_01207】,【停水區域一】台中市西屯區何安里;惠來里;何成里;何厝里;何南里;何仁里  等附近,2017-09-25 10:30至2017-09-25 16:00,2017-09-25 16:00以後,22442469.1910,2017/9/25~2017/9/26,407台中市西屯區     
因大崗山給水廠仁福加壓站故障【77106_00148】,【停水區域一】高雄市仁武區仁福里等公館1.2.3巷橫山1.2.3巷,2017-09-25 10:55至2017-09-25 17:52,2017-09-25 17:52以後,073513332,2017/9/25~2017/9/26,814高雄市仁武區     
因『台中市西屯區廣福路與光明路交叉口』『漏水』修理【4S106_01208】,【停水區域一】台中市西屯區港尾里;廣福里;西墩里;西安里;西平里;鵬程里;永安里;上石里;上安里;至善里;逢甲里;逢福里  等附近,2017-09-25 11:00至2017-09-25 16:00,2017-09-25 16:00以後,22442469.1910,2017/9/25~2017/9/26,407台中市西屯區     
後湖小區封閉測試【58106_00170】,【停水區域一】嘉義市東區後湖里及荖藤里保健街;保忠一街至保忠三街;博東路;嘉北街;嘉南街;台林街;義教街;維新路;;保仁一街至保仁三街;保義路;保愛路;保康路;台斗街;忠孝路;保成路;保順路;文化路;忠孝二街;維新路;許厝庄;義教街;荖藤宅等附近一帶含巷弄,2017-09-25 14:00至2017-09-27 14:00,2017-09-27 14:00以後,05-2779117,2017/9/25~2017/9/28,600嘉義市東區       
因『屏東縣東港鎮船頭里船頭路25-3號』無水處理【7C106_00178】,【停水區域一】屏東縣東港鎮屏東縣東港鎮船頭里船頭路25-3號附近一帶,2017-09-25 11:30至2017-09-25 17:00,2017-09-25 17:00以後,08-832-5550,2017/9/25~2017/9/26,928屏東縣東港鎮     
因『雲林縣四湖鄉施湖村中湖巷2號』『地面漏水』修理【5G106_00062】,【停水區域一】雲林縣四湖鄉施湖村;;,2017-09-25 11:20至2017-09-25 15:20(上午11點20至下午15點20),2017-09-25 15:20以後,05-6982250,2017/9/25~2017/9/26,654雲林縣四湖鄉     
因『苗栗縣通霄鎮通西里海濱桿47號(台電)』『馬路漏水』修理【3E106_00250】,【停水區域一】苗栗縣通霄鎮通西里;通灣里,2017-09-25 11:26至2017-09-25 14:00,2017-09-25 14:00以後,免費客服專線1910；通霄銅鑼營運所037-986206,2017/9/25~2017/9/26,357苗栗縣通霄鎮     
因『花蓮縣花蓮市主權里德安六街63號』『管線地下漏水』修理【9S106_00249】,【停水區域一】花蓮縣花蓮市德安六街,2017-09-25 11:20至2017-09-25 15:20,2017-09-25 15:20以後,038325304,2017/9/25~2017/9/26,970花蓮縣花蓮市     
因『南投縣中寮鄉愛鄉巷愛鄉橋邊』『外線漏水』修理【4B106_00517】,【停水區域一】南投縣中寮鄉永福村;永平村;中寮村;復興村;廣福村;廣興村;崁頂村,2017-09-25 12:00至2017-09-25 17:00,2017-09-25 17:00以後,0492222635或1910,2017/9/25~2017/9/26,541南投縣中寮鄉     
斗南\鎮106年消防栓增設工程【5F106_00047】,【停水區域一】雲林縣斗南鎮光榮路,2017-09-25 13:00至2017-09-25 18:00,2017-09-25 18:00以後,5972682,2017/9/25~2017/9/26,630雲林縣斗南鎮     
因『彰化縣竹塘鄉新廣村光明路新庄橋頭北側』『漏水案件』修理【BH106_00041】,【停水區域一】彰化縣竹塘鄉溪墘村;新廣村;樹腳村,2017-09-25 13:00至2017-09-25 17:00,2017-09-25 17:00以後,04-8960240,2017/9/25~2017/9/26,525彰化縣竹塘鄉     
嘉義給水廠水上淨水場內管線漏水搶修停水【58106_00171】,【停水區域一】嘉義縣水上鄉南和村後寮全部,2017-09-25 10:00至2017-09-25 14:00,2017-09-25 14:00以後,05-2779117,2017/9/25~2017/9/26,608嘉義縣水上鄉     
新埔鎮巨埔里供水延管工程?新舊管線連接【3H106_00096】,【停水區域一】新竹縣新埔鎮巨埔里新龍路,2017-09-25 13:00至2017-09-29 17:00,2017-09-29 17:00以後,03-5552501,2017/9/25~2017/9/30,305新竹縣新埔鎮     
新埔鎮楊新路二段管線修理(埔坪橋)【3H106_00097】,【停水區域一】新竹縣新埔鎮四座里(楊新路一段)、照門里(楊新路二段),2017-09-25 13:00至2017-09-25 17:00,2017-09-25 17:00以後,03-5552501,2017/9/25~2017/9/26,305新竹縣新埔鎮     
五峰鄉桃山村清泉疑似管線漏水【3A106_00129】,【停水區域一】新竹縣五峰鄉桃山村;清泉;桃山,2017-09-25 13:05至2017-09-25 17:00,2017-09-25 17:00以後,1910.5963356,2017/9/25~2017/9/26,311新竹縣五峰鄉     
鶯歌區中湖街140號漏水搶修【C6106_00221】,【停水區域一】新北市鶯歌區中湖街.東湖路,2017-09-25 12:00至2017-09-25 16:00,2017-09-25 16:00以後,26792527.26792224,2017/9/25~2017/9/26,239新北市鶯歌區     
平鎮區莊敬里自強街44號前 150mmPVCP 破管搶修【24106_00167】,【停水區域一】桃園市平鎮區莊敬里-日星街-莊敬街-自強街,2017-09-25 13:20至2017-09-25 17:00,2017-09-25 17:00以後,4789261,2017/9/25~2017/9/26,324桃園市平鎮區     
大埤鄉106年消防栓增設工程【5F106_00048】,【停水區域一】雲林縣大埤鄉嘉興村,2017-09-25 14:00至2017-09-25 18:00,2017-09-25 18:00以後,5972682,2017/9/25~2017/9/26,631雲林縣大埤鄉     
辦理「東區大同路一段(樹林街-林森路)汰換管線工程」停水施工(遇雨順延)【60106_00075】,【停水區域一】台南市東區1.東區府連路146號~226號(雙號側含巷弄)
2.東區大同路一段173號~327號(單號側含巷弄)
3.東區大同路一段329巷(雙側含弄)
4.東區林森路一段1號~91號(單號側含巷弄),2017-09-27 08:00至2017-09-28 18:00(每日上午8點至下午6點),2017-09-28 18:00以後,1910,2017/9/25~2017/9/29,701台南市東區       
因『台中市清水區西寧路16號對面』『地下漏水』修理【4K106_00101】,【停水區域一】台中市清水區西寧路;光華路;文昌路;光復街;中興街;北寧街;董公街,2017-09-25 13:30至2017-09-25 17:30,2017-09-25 17:30以後,04-26222614,2017/9/25~2017/9/26,436台中市清水區     
因『宜蘭縣宜蘭市文化路34號與36號之間』『修漏案件/1.路面漏水：用戶反映此址前方路面漏水，漏水量小無影響交通，煩請相關單位協助』修理【8R106_00280】,【停水區域一】宜蘭縣宜蘭市文化路,2017-09-25 13:40至2017-09-25 16:00,2017-09-25 16:00以後,客服電話1910 深溝廠9233017,2017/9/25~2017/9/26,260宜蘭縣宜蘭市     
嘉義縣民雄鄉興南村建國路三段小區管網測試【5Y106_00147】,【停水區域一】嘉義縣民雄鄉興南村建國路三段,2017-09-25 13:30至2017-09-25 14:30,2017-09-25 14:30以後,052262806,2017/9/25~2017/9/26,621嘉義縣民雄鄉     
平鎮區環南路三段299號漏水修理【23106_00292】,【停水區域一】桃園市中壢區環中東路二段(福州路至自忠二街)、龍岡路二段、合浦街、珠江街、林森路、自忠二街、皓東路、新興里、林森里、明德里;桃園市平鎮區環南路三段(自忠二街至金陵路)、金陵里,2017-09-25 13:55至2017-09-25 15:30,2017-09-25 15:30以後,03-4251506,2017/9/25~2017/9/26,320桃園市中壢區     324桃園市平鎮區     
因二林-106竹塘分區計量管網施工【BH106_00042】,【停水區域一】彰化縣二林鎮西斗里;豐田里;後厝里;西斗里;豐田里;後厝里,2017-09-25 14:00至2017-09-25 17:00,2017-09-25 17:00以後,8960240,2017/9/25~2017/9/26,526彰化縣二林鎮     
因『屏東縣東港鎮興台里中山路93-1號』漏水修理【7C106_00179】,【停水區域一】屏東縣東港鎮屏東縣東港鎮興台里中山路93-1號附近一帶,2017-09-25 14:30至2017-09-25 17:00,2017-09-25 17:00以後,08-832-5550,2017/9/25~2017/9/26,928屏東縣東港鎮     
因『屏東縣東港鎮船頭里嘉新2街寶貝屋』漏水修理【7C106_00180】,【停水區域一】屏東縣東港鎮屏東縣東港鎮船頭里嘉新2街寶貝屋附近一帶,2017-09-25 15:00至2017-09-25 17:00,2017-09-25 17:00以後,08-832-5550,2017/9/25~2017/9/26,928屏東縣東港鎮     
因『高雄市大寮區翁園里翁園路』『漏水』修理【7T106_00482】,【停水區域一】高雄市大寮區翁園路等附近一帶,2017-09-25 14:00至2017-09-25 18:00,2017-09-25 18:00以後,7883714,2017/9/25~2017/9/26,831高雄市大寮區     
配合高雄市政府林園仁愛路拓寬辦理高市林園仁愛路管線汰換新舊管線連接施工停水【7T106_00483】,【停水區域一】高雄市林園區高市林園東林西路(文賢北路~林園北路)等水壓降低或無水,2017-09-26 08:00至2017-09-27 18:00(每日上午8點至下午6點),2017-09-27 18:00以後,07-7883714,2017/9/25~2017/9/28,832高雄市林園區     
因『苗栗縣頭份市東庄里8鄰上庄46之1號』100MM  管線搶修漏【3C106_00177】,【停水區域一】苗栗縣頭份市東庄里  上庄路...等地區。,2017-09-25 14:25至2017-09-25 16:25,2017-09-25 16:25以後,623500,2017/9/25~2017/9/26,351苗栗縣頭份市     
基隆市中山區新生路口100m/m配合市府函管施作【11106_00282】,【停水區域一】基隆市中山區新生路;成功二路;中山一路含各巷、弄等一帶。,2017-09-25 14:45至2017-09-25 18:00(於9月25日下午2點45分至6點),2017-09-25 18:00以後,24252103-59,2017/9/25~2017/9/26,203基隆市中山區     
因『雲林縣大埤鄉妮姑庵68-40號』因80mm『道路漏水』修理【5F106_00049】,【停水區域一】雲林縣大埤鄉南和村妮姑奄,2017-09-25 15:00至2017-09-25 17:30,2017-09-25 17:30以後,05972682,2017/9/25~2017/9/26,631雲林縣大埤鄉     
嘉縣水上鄉中庄村汰換管線工程【50106_00071】,【停水區域一】嘉義縣水上鄉中庄村1-1號至71-9號,2017-09-26 08:00至2017-09-30 18:00(:每日上午8點至下午6點),2017-09-30 18:00以後,0972503183監造、現場人員0981011203,2017/9/25~2017/10/1,608嘉義縣水上鄉     
管線緊急搶修【9D106_00043】,【停水區域一】花蓮縣豐濱鄉靜浦村,2017-09-25 15:00至2017-09-25 18:00,2017-09-25 18:00以後,03-8762058,2017/9/25~2017/9/26,977花蓮縣豐濱鄉     
嘉義縣民雄鄉松山村後山仔23號前50MM破管搶修【5Y106_00148】,【停水區域一】嘉義縣民雄鄉松山村20號附近幾戶,2017-09-25 15:03至2017-09-25 17:00,2017-09-25 17:00以後,0932978332,2017/9/25~2017/9/26,621嘉義縣民雄鄉     
麻豆區謝厝寮小區(斷水試驗)【6C106_00187】,【停水區域一】台南市麻豆區安業里;安東里;安西里;安正里;謝安里;謝厝寮;營後,2017-09-26 08:30至2017-09-26 11:00,2017-09-26 11:00以後,0933275999,2017/9/25~2017/9/27,721台南市麻豆區     
雲林縣二崙鄉台19道路管線汰換施工【5J106_00089】,【停水區域一】雲林縣二崙鄉港後村、港後村(四番地)、油車村、楊賢村、大庄村、義庄村等部分用戶,2017-09-25 08:00至2017-09-30 19:00(上午8點至下午7點(每日施工完畢恢復供水)),2017-09-30 19:00以後,05-5862163,2017/9/25~2017/10/1,649雲林縣二崙鄉     
嘉縣水上鄉中庄村汰換管線工程【50106_00077】,【停水區域一】嘉義縣水上鄉中庄村301-7號至413號,2017-09-27 08:00至2017-09-30 18:00(:每日上午8點至下午6點),2017-09-30 18:00以後,0972503183監造、現場人員0981011203,2017/9/25~2017/10/1,608嘉義縣水上鄉     
疑似苑裡鎮客庄里或中正里內地下漏水，檢測漏中【3E106_00249】,【停水區域一】苗栗縣苑裡鎮中正里;客庄里;,2017-09-25 08:37至2017-09-25 20:00,2017-09-25 20:00以後,037-986206  037-986218,2017/9/25~2017/9/26,358苗栗縣苑裡鎮     
因『台中市霧峰區自立路105號』『外線漏水』修理【4E106_00126】,【停水區域一】台中市霧峰區自立路,2017-09-25 15:40至2017-09-25 16:30,2017-09-25 16:30以後,23393138,2017/9/25~2017/9/26,413台中市霧峰區     
霧台水源導水管斷裂修理【7B106_00060】,【停水區域一】屏東縣霧臺鄉霧台系統全部,2017-09-26 08:00至2017-09-26 15:00,2017-09-26 15:00以後,08-7226170、7220040,2017/9/25~2017/9/27,屏東縣霧臺鄉        
因下營區仁里橋改建400管線新舊管連接導致無水【6C106_00188】,【停水區域一】台南市下營區下營里.公園路.89號.85號117號135號137號165號169號171號179號181號187號工業街2巷9號33號29號25號23號21號15號7號5號,2017-09-26 09:00至2017-09-26 18:00,2017-09-26 18:00以後,06(5721166),2017/9/25~2017/9/27,735台南市下營區     
因『高雄市仁武區灣內里澄信街120巷22號』『修漏案件/5.挖破水管漏水：用戶來電反映此址前面有在進行工程，剛剛有怪手挖破自來水管，漏水量大，但不影響交通，煩請協助處理。(用戶不清楚是哪一個施工單位)』修理【77106_00149】,【停水區域一】高雄市仁武區澄信街,2017-09-25 15:57至2017-09-25 18:58,2017-09-25 18:58以後,073513332,2017/9/25~2017/9/26,814高雄市仁武區     
因『新竹縣湖口鄉湖口村湖中路１２１號前』『修漏案件/4.用戶外線漏水：』修理【3F106_00105】,【停水區域一】新竹縣湖口鄉湖中路;大湖路,2017-09-25 16:00至2017-09-25 17:00,2017-09-25 17:00以後,湖口營運所03-5981603;客服中心:1910,2017/9/25~2017/9/26,303新竹縣湖口鄉     
因『台中市太平區樹德一街73巷55弄3號』 漏水修理【4S106_01209】,【停水區域一】台中市太平區新福里 十甲里 等附近一帶,2017-09-25 16:00至2017-09-25 19:00,2017-09-25 19:00以後,22442469*1910,2017/9/25~2017/9/26,411台中市太平區     
因『台中市潭子區龍興巷21-2號』『漏水』修理【4M106_00259】,【停水區域一】台中市潭子區龍興巷,2017-09-25 16:30至2017-09-25 21:00,2017-09-25 21:00以後,龍興巷,2017/9/25~2017/9/26,427台中市潭子區     
因 高雄市阿蓮區管線系統問題 導致部分路段停水【75106_00128】,【停水區域一】高雄市阿蓮區民生路;民權路;忠孝路;崗山;中正路;中山路;崗山里,2017-09-25 13:00至2017-09-26 03:00,2017-09-26 03:00以後,07-6934819,2017/9/25~2017/9/27,822高雄市阿蓮區     
四湖鄉106年消防栓增設工程（一）(WR-06-0519-70)【5G106_00063】,【停水區域一】雲林縣四湖鄉崙北村;延平北路;海清路;溪崙街,2017-09-26 08:00至2017-09-26 17:00(每日上午8點至下午5點),2017-09-26 17:00以後,05-6982250,2017/9/25~2017/9/27,654雲林縣四湖鄉     
因『南投縣草屯鎮中山街493號前』『路面漏水』修理【4R106_00282】,【停水區域一】南投縣草屯鎮中山街,2017-09-25 13:00至2017-09-25 19:00,2017-09-25 19:00以後,049-2563505,2017/9/25~2017/9/26,542南投縣草屯鎮     
林口區三民路185號旁新裝用戶斷管連絡工程【2C106_00039】,【停水區域一】新北市林口區忠孝一路5號至35號之間{單號},2017-09-27 09:30至2017-09-27 18:30(每日上午9點30至下午6點30分),2017-09-27 18:30以後,02-26031880,2017/9/25~2017/9/28,244新北市林口區     
因配合台電停電施工【4Z106_00098】,【停水區域一】台中市后里區圳寮路,2017-09-26 08:30至2017-09-26 17:30,2017-09-26 17:30以後,04-25570236,2017/9/25~2017/9/27,421台中市后里區     
基隆市仁愛區南榮路319巷1號因台電施作停電【11106_00283】,【停水區域一】基隆市仁愛區南新街;南榮路;龍安街;曲水街含各巷、弄等一帶及愛五路6巷、愛四路2巷、仁三路19巷。,2017-09-27 14:30至2017-09-27 16:00(於9月27日下午2點30分至4點),2017-09-27 16:00以後,24252103-59,2017/9/25~2017/9/28,200基隆市仁愛區     
因緊急搶修台南市鹽水區北門路1巷4弄20號路面漏水修理【6A106_00120】,【停水區域一】台南市鹽水區北門路及鄰近巷道，;井水里;岸內里;武廟里,2017-09-25 16:00至2017-09-25 21:00(下午16時0分點至下午21時0分),2017-09-25 21:00以後,06-6322240,2017/9/25~2017/9/26,737台南市鹽水區     
